<?xml version="1.0" encoding="UTF-8"?>
<project xmlns="http://maven.apache.org/POM/4.0.0" xmlns:xsi="http://www.w3.org/2001/XMLSchema-instance"
		 xsi:schemaLocation="http://maven.apache.org/POM/4.0.0 http://maven.apache.org/xsd/maven-4.0.0.xsd">
	<modelVersion>4.0.0</modelVersion>

	<groupId>com.example</groupId>
	<artifactId>junit5-jupiter-starter-maven-jitpack</artifactId>
	<version>1.0-SNAPSHOT</version>

	<properties>
		<project.build.sourceEncoding>UTF-8</project.build.sourceEncoding>
		<java.version>1.8</java.version>
		<maven.compiler.source>1.8</maven.compiler.source>
		<maven.compiler.target>${maven.compiler.source}</maven.compiler.target>
		<junit.jitpack.version>main-SNAPSHOT</junit.jitpack.version>
		<!--<junit.jitpack.version>experiments~parallel-execution-SNAPSHOT</junit.jitpack.version>-->
	</properties>

	<dependencyManagement>
		<dependencies>
            <dependency>
                <groupId>org.junit</groupId>
                <artifactId>junit-bom</artifactId>
                <version>${junit.jitpack.version}</version>
                <type>pom</type>
                <scope>import</scope>
            </dependency>
		</dependencies>
	</dependencyManagement>

	<dependencies>
		<dependency>
			<groupId>com.github.junit-team.junit5</groupId>
			<artifactId>junit-jupiter</artifactId>
			<scope>test</scope>
		</dependency>
	</dependencies>

	<repositories>
		<repository>
			<id>jitpack.io</id>
			<url>https://jitpack.io</url>
		</repository>
	</repositories>

	<build>
		<plugins>
			<plugin>
				<artifactId>maven-compiler-plugin</artifactId>
				<version>3.8.1</version>
			</plugin>
			<plugin>
				<artifactId>maven-surefire-plugin</artifactId>
				<version>2.22.2</version>
				<configuration>
					<junitPlatformArtifactName>com.github.junit-team.junit5:junit-platform-engine</junitPlatformArtifactName>
					<!--<properties>-->
						<!--<configurationParameters>-->
							<!--junit.jupiter.execution.parallel.enabled=true-->
							<!--junit.jupiter.execution.parallel.config.strategy=fixed-->
							<!--junit.jupiter.execution.parallel.config.fixed.parallelism=2-->
						<!--</configurationParameters>-->
					<!--</properties>-->
				</configuration>
			</plugin>
		</plugins>
	</build>

</project>
